{"options":{"check_for_updates":true,"user_modified":null,"comment":null,"compatopts_for_requires":true,"compat_wrappedjsobject":false,"compat_metadata":false,"compat_foreach":false,"compat_powerful_this":null,"sandbox":null,"noframes":null,"unwrap":null,"run_at":null,"run_in":null,"tags":[],"override":{"use_includes":[],"orig_includes":[],"merge_includes":true,"use_matches":[],"orig_matches":["*://*/*"],"merge_matches":true,"use_excludes":[],"orig_excludes":[],"merge_excludes":true,"use_connects":[],"orig_connects":[],"merge_connects":true,"use_blockers":[],"orig_run_at":"document-idle","orig_run_in":[],"orig_noframes":null,"orig_tags":[]}},"settings":{"enabled":true,"position":2},"meta":{"name":"Dino Game Cheat with Vohala Toggle and Speed Selector","uuid":"35f11f78-1a32-4477-bab9-4271e84e68f7","modified":1735553822979}}